Index,Keyword,Tweets
0,Rambo: Last Blood,Rambo last blood better movie John wick
1,Rambo: Last Blood,Why I seen Rambo Last Blood yet
2,Rambo: Last Blood,Movie Review RAMBO LAST BLOOD Blu-ray Combo Pack
3,Rambo: Last Blood,Watch rambo last blood
4,Rambo: Last Blood,Really enjoyed Rambo Last Blood There making featurette Blu-ray nearly hour long Good st
5,Rambo: Last Blood,Rambo last blood issa movie
6,Rambo: Last Blood,John Rambo n't done fighting protect loves Brutal gory starring another k
7,Rambo: Last Blood,Lol ke boloyi When I replied I think twas I finished watching Rambo Last Blood I would
8,Rambo: Last Blood,Rambo Last Blood TV Time
9,Rambo: Last Blood,Rambo last blood issa movie
10,Rambo: Last Blood,Rambo last blood straight home video movie What happened us
11,Rambo: Last Blood,First Blood Rambo First Blood Part Two Rambo Last Blood
12,Rambo: Last Blood,John Rambo n't done fighting protect loves Brutal gory starring another k
13,Rambo: Last Blood,When Rambo last blood showing Netflix na
14,Rambo: Last Blood,It 's great movie But watched Rambo first blood fourth blood 'll know last blood
15,Rambo: Last Blood,Rambo last blood issa movie
16,Rambo: Last Blood,Rambo Last Blood Avengers End Game Glass
17,Rambo: Last Blood,What 's last blood Rambo fucking shit boring What Stallone thinking worst Rambo ever I
18,Rambo: Last Blood,Tautulli OgglePlex In The Cupboard Ogglebod TV QA75Q7FNA started playing Rambo Last Blood
19,Rambo: Last Blood,We winner maybe fav line Arnold killing someone Check DM Rambo Last Blood Digital Code
20,Rambo: Last Blood,Rambo Last Blood 2-Disc Blu-ray/DVD Sylvester Stallone/Paz Vega
21,Rambo: Last Blood,I care anyone says Rambo Last Blood fantastic movie
22,Rambo: Last Blood,Mmmm Rambo Last Blood serious shit It I eected I know I eected It
23,Rambo: Last Blood,Goddamn RAMBO LAST BLOOD n't fantastic capper great film series
24,Rambo: Last Blood,I wo n't bother watching Fast Furious like I n't bothered Rambo last Blood
25,Rambo: Last Blood,loved last blood movie Great send beloved character
26,Rambo: Last Blood,I wo n't bother watching Fast Furious like I n't bothered Rambo last Blood
27,Rambo: Last Blood,Blu-ray Review Rambo Last Blood
28,Rambo: Last Blood,Red Dawn Rambo Last Blood They 're awfull different ways unintended comedy almost unendi
29,Rambo: Last Blood,Red Dawn Rambo Last Blood They 're awfull different ways unintended comedy almost unendi
30,Rambo: Last Blood,Red Dawn Rambo Last Blood They 're awfull different ways unintended comedy almost unending
31,Rambo: Last Blood,Rambo Last Blood I mean sure grow appreciate literally every action movie existence w
32,Rambo: Last Blood,Rambo Last Blood A master stroke contemporary cinematic narrative A rich tableau filled colourful amp nuanc
33,Rambo: Last Blood,Whaaat ... Rambo Last Blood craaaazy OMG ...
34,Rambo: Last Blood,I 'm watching Rambo Last Blood It 's fucking violent idk think But I think I love
35,Rambo: Last Blood,We winner maybe fav line Arnold killing someone Check DM Rambo Last Blood Digital
36,Rambo: Last Blood,watched Rambo Last Blood Great action flick Nice job really enjoyable
37,Rambo: Last Blood,Wife sleep daughter sleep turn Amazon tv Rambo 'last blood
38,Rambo: Last Blood,To save heart ache skip first minutes Rambo Last Blood spend next minutes laughing alon
39,Rambo: Last Blood,Jarhead siege Rambothe last blood Mis.impossible Fast Fourios Hobbs amphaw hours Ready Or
40,Rambo: Last Blood,saw Rambo Last Blood loved The best seeing John Rambo beginning Thank memories
41,Rambo: Last Blood,Rambo V Last Blood Ending Credits
42,Rambo: Last Blood,RAMBO LAST BLOOD Official Trailer 2019
43,Rambo: Last Blood,Rambo Last Blood AWESOME
44,Rambo: Last Blood,Watching Rambo Last Blood
45,Rambo: Last Blood,rambo last blood
46,Rambo: Last Blood,Rambo Last Blood 2019 Full Movie English Free Action Sylvester Stallone
47,Rambo: Last Blood,Tonight 's double feature Rambo Last Blood Hustlers
48,Rambo: Last Blood,watching Rambo Last Blood taking notes
49,Rambo: Last Blood,Rambo last blood /10
50,Rambo: Last Blood,So Rambo Last Blood horror movie
51,Rambo: Last Blood,Angel fallen Operation red sea Mile Rambo Last blood
52,Rambo: Last Blood,Hiro Kone A Fossil Begins To Bray Telefon Tel Aviv Dreams Are Not Enough Lussuria Knocks Kali Malone
53,Rambo: Last Blood,Rambo last blood would much better replaced cartel members ice agents
54,Rambo: Last Blood,'s revealed Rambo last last blood
55,Rambo: Last Blood,Rewatched Rambo Last blood morning movies one It bad version Taken mediocre Rocky
56,Rambo: Last Blood,I saw commercial Rambo Last Blood aaaannnndddd looked almost exactly like Taken
57,Rambo: Last Blood,Got ta say ... I watched Rambo Last Blood ... pretty F n entertaining Check brain viewing enjo
58,Rambo: Last Blood,Rambo Last Blood
59,Rambo: Last Blood,Rambo Last Blood Happy Holidays
60,Rambo: Last Blood,'s like RAMBO LAST BLOOD levels racist uncritically following edict `` white cultu
61,Rambo: Last Blood,Joker Rambo Last Blood
62,Rambo: Last Blood,RAMBO LAST BLOOD Rambo avenges niece death Mexican pimps Every Rambo movie except FIRST B
63,Rambo: Last Blood,Just watched Rambo Last Blood wow Rambo turned maniacal serial murdering horror movie type character
64,Rambo: Last Blood,Just saw Rambo Last Blood awesome message Mexican cartels
65,Rambo: Last Blood,That moment action movie tips heart My daughter needs see movie It 's close 's real
66,Rambo: Last Blood,Oh man Rambo Last Blood dvd looks like I found christmas gift
67,Rambo: Last Blood,Rambo last blood cool
68,Rambo: Last Blood,Kid 's ... Man 's ... greatest character 's time John Rambo amp Rocky Balboa
69,Rambo: Last Blood,Just watched Rambo Last Blood fucking epic film I applaud Grew Rocky Ra
70,Rambo: Last Blood,Almost forgot brutal `` Rambo `` I 'm watching And yes I buy `` Rambo Last Blood '' dvd re-wa
71,Rambo: Last Blood,Hiro Kone A Fossil Begins To Bray Telefon Tel Aviv Dreams Are Not Enough Lussuria Knocks Kali
72,Rambo: Last Blood,Blu-ray Review Rambo Last Blood
73,Rambo: Last Blood,Blu-ray Review Rambo Last Blood
74,Rambo: Last Blood,Rambo Last Blood final battle massacre Poor Cartel never even saw coming Long John Wick John Rambo
75,Rambo: Last Blood,Rambo Last Blood rated R version Home Alone
76,Rambo: Last Blood,alert RAMBO LAST BLOOD K UHD Blu-ray coupon Amazon right 3.75 current p
77,Rambo: Last Blood,Well I think type matters color Try `` compound bow ''
78,Rambo: Last Blood,Rambo Last Blood 3.74 coupon I mistaken
79,Rambo: Last Blood,Here randomly chosen Rambo Last Blood
80,Rambo: Last Blood,John Rambo n't done fighting protect loves Brutal gory starring another k
81,Rambo: Last Blood,Giving Rambo Last Blood watch
82,Rambo: Last Blood,What Rambo Last Blood
83,Rambo: Last Blood,Enter giveaway Last Blood Gift Pack
84,Rambo: Last Blood,Rambo favorite hwro loved last blood
85,Rambo: Last Blood,part Rambo Last Blood amazing beautiful sad I cry every time I wis
86,Rambo: Last Blood,Agreed Last Blood another instant classic
87,Rambo: Last Blood,part Rambo Last Blood amazing beautiful sad I cry every time I
88,Rambo: Last Blood,Your part Rambo Last Blood amazing beautiful sad I cry every time I wish J
89,Rambo: Last Blood,Rambo Last Blood called Rambo No There I said
90,Rambo: Last Blood,For life ca n't figure make terrible fucking B movie 'La
91,Rambo: Last Blood,John Rambo n't done fighting protect loves Brutal gory starring another k
92,Rambo: Last Blood,John Rambo n't done fighting protect loves Brutal gory starring another k
93,Rambo: Last Blood,Rambo last blood messy
94,Rambo: Last Blood,RAMBO Last Blood Mad ooooo
95,Rambo: Last Blood,Rambo last blood ... .no Rambos please
96,Rambo: Last Blood,The final chapter legendary movie series Rambo Last Blood action movie need Christm
97,Rambo: Last Blood,They drew first blood He draw last Last Blood In theaters September
98,Rambo: Last Blood,Currently trying figure Rambo 's actions Last Blood legal The traps n't You ca n't set de
99,Rambo: Last Blood,Sylvester Stallone season Rambo First Blood last night
100,Rambo: Last Blood,Day Flashlight Used Rambo Last Blood John Rambo The maybe last chapt
101,Rambo: Last Blood,Day Flashlight Used Rambo Last Blood John Rambo The maybe last chapt
102,Rambo: Last Blood,Day Flashlight Used Rambo Last Blood John Rambo The maybe last ch
103,Rambo: Last Blood,Rambo Last Blood
104,Rambo: Last Blood,Who gives shit This getting ridiculously old Like `` Rambo Last Blood '' Like Mick Jagger singin
105,Rambo: Last Blood,I ca n't wait It n't
106,Rambo: Last Blood,finally got watch Rambo Last Blood Yes blue ray DVD I borrowed son love
107,Rambo: Last Blood,I rated Rambo Last Blood 2019 /10
108,Rambo: Last Blood,hey Loved Rambo Last Blood movie tugged heart tho middle What send
109,Rambo: Last Blood,My Top Movies Doctor Sleep Art Dead Rambo Last Blood Zombielanduble Tap Crawl Be
110,Rambo: Last Blood,'Rambo Last Blood Trailer Rambo Rages Through Mexico
111,Rambo: Last Blood,John Rambo n't done fighting protect loves Brutal gory starring another k
112,Rambo: Last Blood,Last Blood watching Rambo
113,Rambo: Last Blood,Rambo last blood raw af
114,Rambo: Last Blood,'s John Rambo opinion 's happening America today Rambo Last Blood another great movi
115,Rambo: Last Blood,watched Rambo last blood
116,Rambo: Last Blood,That 's wrap Last Blood Blu-ray contest Check DMs emails Facebook messages see 've wo
117,Rambo: Last Blood,Rambo Last Blood Sylvester Stallone Paz Vega DVD New And Sealed
118,Rambo: Last Blood,Rambo Last Blood ... I guess 's time catch watch
119,Rambo: Last Blood,rambo last blood watch
120,Rambo: Last Blood,Join get 's new XNK free Use code `` BXZSNV '' extra XNK Just got w
121,Rambo: Last Blood,RAMBO LAST BLOOD ... ...
122,Rambo: Last Blood,CouchPotato Downloaded Rambo Last Blood BR-Rip
123,Rambo: Last Blood,Excepts Fury last two action movies well underground hustlers terminator dark fate Rambo
124,Rambo: Last Blood,Hey look showed Checking Rambo Last Blood available Blu-ray Combo Pack plus DVD
125,Rambo: Last Blood,rambo last blood review finally
126,Rambo: Last Blood,Everything wrong Rambo Last Blood I Stallone cool ...
127,Rambo: Last Blood,Rambo Last Blood 2019 via
128,Rambo: Last Blood,Omg finished watching Rambo Last blood So amazing thank much amaz
129,Rambo: Last Blood,Check The Irish man Murder mystery Rambo last blood Long shot
130,Rambo: Last Blood,Finally getting watch Rambo Last Blood
131,Rambo: Last Blood,I 've never seen ... Seriously But I watched 'Rambo- Last Blood last night typical Rambo good ... Enjo
132,Rambo: Last Blood,My worst movies Serenity Rambo Last Blood Replicas The Curse LA LLorona Cats
133,Rambo: Last Blood,Glass How Train Your Dragon The Hidden World Game Thrones Avengers Endgame Dark Phoneix Toy Story It Cha
134,Rambo: Last Blood,Rambo Last Blood
135,Rambo: Last Blood,Rambo last blood
136,Rambo: Last Blood,agree completely Rambo last blood excellent
137,Rambo: Last Blood,Rambo Last Blood K Ultra HD Review
138,Rambo: Last Blood,LAST BLOOD Gift Pack
139,Rambo: Last Blood,Just finished watching RamboLast Blood oh goodness That man make movies
140,Rambo: Last Blood,Movie Review Rambo Last Blood 2019
141,Rambo: Last Blood,If n't seen Rambo Last blood MUST SEE
142,Rambo: Last Blood,Picked Rambo movies yesterday n't gotten Last Blood yet
143,Rambo: Last Blood,I wo n't bother watching Fast Furious like I n't bothered Rambo last Blood
144,Rambo: Last Blood,watching First blood last night I thought What scene Rambo And Trautman police st
145,Rambo: Last Blood,Rambo Last Blood basically R-rated Home Alone
146,Rambo: Last Blood,Rambo last blood shit Waste time
147,Rambo: Last Blood,My wife went see wrestling brought tote bag knitting reminds saw Rambo Last Blo
148,Rambo: Last Blood,I wo n't bother watching Fast Furious like I n't bothered Rambo last Blood
149,Rambo: Last Blood,Rambo last blood n't live up-to Rambo childhood..
150,Rambo: Last Blood,I wo n't bother watching Fast Furious like I n't bothered Rambo last Blood
151,Rambo: Last Blood,Rambo Last Blood
152,Rambo: Last Blood,I discovered Rambo age I 've seen movies I 'm I Have say I mean
153,Rambo: Last Blood,Rambo Last Blood My Thoughts
154,Rambo: Last Blood,Rambo Last Blood Blu-ray/DVD Slipcover
155,Rambo: Last Blood,rambothe last blood
156,Rambo: Last Blood,Rambo Last Blood Was Bad Ass
157,Rambo: Last Blood,Rambo Last Blood
158,Rambo: Last Blood,Just watched rambo last blood The last scene dope Take enemy heart bare hand
159,Rambo: Last Blood,Just finished watching RamboLast Blood oh goodness That man make movies
160,Rambo: Last Blood,He valorado Rambo Last Blood 2019 /10
161,Rambo: Last Blood,Rambo Last blood
162,Rambo: Last Blood,Rambo Last Blood Home Alone deadly
163,Rambo: Last Blood,awesome Entertainment News amp Tix -Rays ..You sign
164,Rambo: Last Blood,I entered win free DVD Combo Pack
165,Rambo: Last Blood,I know sensitive people hated I thought Rambo Last Blood awesome
166,Rambo: Last Blood,I rented Rambo Last Blood Redbox A good storyline action scen
167,Rambo: Last Blood,`` Rambo Last Blood '' comes narrative n't long legacy character justice baf
168,Rambo: Last Blood,Finally watched Rambo Last Blood movie alright still better first movies
169,Rambo: Last Blood,Really liked Last Blood n't I would like fitting end Rambo franchise With tweak
170,Rambo: Last Blood,Despite critic reviews Rambo Last Blood phenomenal movie exactly I hoped Good
171,Rambo: Last Blood,Rambo Last Blood 2019
172,Rambo: Last Blood,So finally broke watched RamboLast Blood
173,Rambo: Last Blood,Rambo Last Blood Daaaamn Such good movie
174,Rambo: Last Blood,In case anyone wondering current US release K/Blu/DVD RAMBO LAST BLOOD shorter minute A
175,Rambo: Last Blood,Download Movie Rambo Last Blood Bluray
176,Rambo: Last Blood,Just watched well ca n't actually say `` watched '' I eyes shut Rambo Last Blood Horrible
177,Rambo: Last Blood,Lmao I saw Rambo Last Blood incredible ending
178,Rambo: Last Blood,Damn Rambo Last Blood violent Seriously wish Rambo send sex traffickers like It 's deserve
179,Rambo: Last Blood,My personal trilogy goes First Blood- /7 A Rambo- /7 B Rambo Last Blood
180,Rambo: Last Blood,Rambo Last Blood basically R-rated Home Alone
181,Rambo: Last Blood,I got done watching Rambo Last Blood I ca n't even..
182,Rambo: Last Blood,tired give rambo last blood full attention maybe tomorrow night ...
183,Rambo: Last Blood,I 'm wathing Rambo Last Blood I hate I may tweet A Thread
184,Rambo: Last Blood,Almost four decades drew first blood Sylvester Stallone back one greatest action heroes
185,Rambo: Last Blood,John Rambo n't done fighting protect loves Brutal gory starring
186,Rambo: Last Blood,Just watched Rambo Last Blood Blu-ray totally Home Stallone 's bad guys That third act
187,Rambo: Last Blood,Rambo Last Blood much better Rambo First Crip
188,Rambo: Last Blood,love rambo last blood I 'm watching second time today
189,Rambo: Last Blood,Rambo Last Blood
190,Rambo: Last Blood,I pretty sure Rambo Last Blood Christmas Classic ... ... ..is live
191,Rambo: Last Blood,Rambo The Last Blood Tonic
192,Rambo: Last Blood,Enter giveaway Last Blood Gift Pack
193,Rambo: Last Blood,Rambo The Last Blood Tonic
194,Rambo: Last Blood,Rambo last blood Good
195,Rambo: Last Blood,Rambo last blood must see
196,Rambo: Last Blood,Rambo Last Blood Taken minus thirty IQ points Which really saying something
197,Rambo: Last Blood,Please Rambo make min please I still loved Rambo Last Blood I wi
198,Rambo: Last Blood,rambolast blood solid ONLY BECAUSE THE MOVIE WAS N'T LONG ENOUGH
199,Rambo: Last Blood,*6underground *Rambo last blood *Alita battle angel *Danger Close The battle long tang *Matrix trilogy *Dark kni
200,Rambo: Last Blood,I rated Rambo Last Blood 2019 /10
201,Rambo: Last Blood,Rambo_Last Blood
202,Rambo: Last Blood,Just watched Rambo last blood In end 's Only way go Winning
203,Rambo: Last Blood,know time watch masterpiece Rambo last blood tell ten times
204,Rambo: Last Blood,Just watched Rambo Last Blood opinion mins 'human spirit bulls
205,Rambo: Last Blood,Rambo n't playing Last Blood.. He took whole squad
206,Rambo: Last Blood,RAMBO LAST BLOOD 2019 starring Sylvester Stallone released DVD Blu-ray K Ultra HD
207,Rambo: Last Blood,RAMBO LAST BLOOD /10
208,Rambo: Last Blood,Rambo Last Blood Ultra HD Blu-ray Review
209,Rambo: Last Blood,underground Rambo last blood
210,Rambo: Last Blood,Central intelligence Rambo last blood The hitman bodyguard
211,Rambo: Last Blood,If liked see new Last Blood movie It hero action
212,Rambo: Last Blood,Sitting home flu watching Rambo Last Blood Great show reminds Home Alone traps
213,Rambo: Last Blood,Rambo Last Blood ...
214,Rambo: Last Blood,watching RAMBO LAST BLOOD
215,Rambo: Last Blood,As Rambo last blood movie ...
216,Rambo: Last Blood,To anyone thinks badass actor Sylvester Stallone please refrain sharing opinion
217,Rambo: Last Blood,My Top Movies Doctor Sleep Art Dead Rambo Last Blood Zombielanduble Tap Cra
218,Rambo: Last Blood,You Rambo Last Blood Endgame
219,Rambo: Last Blood,Finally got around Rambo Last Blood Got ta say John particularly good father
220,Rambo: Last Blood,If fan Stallone Rambo movies top bloody action flicks general worth
221,Rambo: Last Blood,Blu-ray Review Ends The Franchise On A Very Bloody Note
222,Rambo: Last Blood,Blu-ray Review Ends The Franchise On A Very Bloody Note
223,Rambo: Last Blood,Blu-ray Review Ends The Franchise On A Very Bloody Note
224,Rambo: Last Blood,Blu-ray Review Ends The Franchise On A Very Bloody Note
225,Rambo: Last Blood,Blu-ray Review Ends The Franchise On A Very Bloody Note
226,Rambo: Last Blood,Blu-ray Review Ends The Franchise On A Very Bloody Note
227,Rambo: Last Blood,Blu-ray Review Ends The Franchise On A Very Bloody Note
228,Rambo: Last Blood,Blu-ray Review Ends The Franchise On A Very Bloody Note
229,Rambo: Last Blood,Rambo Last Blood THIS MESSAGE IS FOR MR. SYLVESTER STALLONE OUTSTANDING MOVIE A TRUE MAST
230,Rambo: Last Blood,Rambo last blood
231,Rambo: Last Blood,I Enjoy Sylvester The Rambo Movies Billy Sylvester Philadelphia Super Bowl Comme
232,Rambo: Last Blood,Just finished Rambo Last Blood I must say John Wicks numbers higher John right mid evil
233,Rambo: Last Blood,Sylvester Stallone RAMBO LAST BLOOD Now Available Blu-ray DVD Digital Here Are Two Behind-the-Scenes
234,Rambo: Last Blood,Retweeting reference list ... You also check thIs out.. `` Rambo Last Blood ''
235,Rambo: Last Blood,Sylvester Stallone RAMBO LAST BLOOD Now Available Blu-ray DVD Digital Here Are Two Behind-the-Scenes C
236,Rambo: Last Blood,Blu-ray Review Ends The Franchise On A Very Bloody Note
237,Rambo: Last Blood,Worst Movies From 'Yesterday 'Rambo Last Blood Photos
238,Rambo: Last Blood,watched rambo last blood good film great see passion still john Rambo onl
239,Rambo: Last Blood,Discover lessons latest movie
240,Rambo: Last Blood,Rambo last blood
241,Rambo: Last Blood,Discover lessons latest movie
242,Rambo: Last Blood,Rambo Last Blood adalah Home Alone Next Level
243,Rambo: Last Blood,'ve played old town road end Rambo last blood cutting dudes heart lmao
244,Rambo: Last Blood,You forgot Rambo last blood
245,Rambo: Last Blood,Scrolling Netflix amp see `` Rambo last blood '' Omg many crappy movies Now await Epilogue mo
246,Rambo: Last Blood,I care say I liked Rambo Rambo Last Blood Hollywood Reporter Critics Pick Worst Films
247,Rambo: Last Blood,Rambo last blood Y CRAZY Im even joking Had idea involved sex trafficking omfg
248,Rambo: Last Blood,Rambo Last Blood intense Cutting dudes heads crazy
249,Rambo: Last Blood,Rambo last blood fire drag beginning
250,Rambo: Last Blood,Rambo The last blood
251,Rambo: Last Blood,Scrolling Netflix amp see `` Rambo last blood '' Omg many crappy movies Now await Epilog
252,Rambo: Last Blood,Phoenix Albuquerque And Santa Fe Win A Copy Of 'Rambo Last Blood Blu-ray
253,Rambo: Last Blood,Rambo Last Blood 2019 Read Movie Reviews Link
254,Rambo: Last Blood,last blood Movie What yummy blood
255,Rambo: Last Blood,Rambo Last Blood review
256,Rambo: Last Blood,Rambo Last Blood review
257,Rambo: Last Blood,This year would Rambo Last Blood
258,Rambo: Last Blood,Just watched Rambo Last Blood And yes gets better upon second viewing A great chapter Ram
259,Rambo: Last Blood,Rambo Last Blood
260,Rambo: Last Blood,Rambo last blood What movie
261,Rambo: Last Blood,Rambo last blood great fucking movie
262,Rambo: Last Blood,Rambo last blood awesome
263,Rambo: Last Blood,I rented Last Blood I wanted watch movie help
264,Rambo: Last Blood,Watching DVD bought new good Rambo last blood movie
265,Rambo: Last Blood,It 's dud video suspiciously processed sometimes
266,Rambo: Last Blood,Rambo Last Blood ... 's time get rest John ...
267,Rambo: Last Blood,Stop watch Rambo last blood
268,Rambo: Last Blood,Birthday Dinner ... Birthday Cake movies Hustlers Rambo.. Last Blood I lov soooo much
269,Rambo: Last Blood,Just watched Rambo Last Blood 's pretty much Taken meets Home Alone meets Roadhouse meets Rambo
270,Rambo: Last Blood,Rambo Last Blood Home Alone trap montage incredible
271,Rambo: Last Blood,bluray Rambo Last Blood released Canada It seems available purchase
272,Rambo: Last Blood,I 'm looking movie tickets I year I realize year special 's end
273,Rambo: Last Blood,I saw movies one week Christmas Yesterday Jumanji next level tonight saw Rambo Last Blood
274,Rambo: Last Blood,Rambo Last blood
275,Rambo: Last Blood,New DVD/Blu-ray The latest film movie franchise old tired says Carsten
276,Rambo: Last Blood,Just finished Rambo Last Blood I must say John Wicks numbers higher John right mid evil
277,Rambo: Last Blood,finally watched Rambo Last Blood Thank amazing send End amazing story done right
278,Rambo: Last Blood,Well well `` The Rise Skywalker '' making 's review rounds I 'm gon na keep time `` Once Upon
279,Rambo: Last Blood,Just watched Rambo last blood bruh nigga whole fatality dude end
280,Rambo: Last Blood,Rambo last blood
281,Rambo: Last Blood,Just watched Rambo Last Blood amp holy shit I say
282,Rambo: Last Blood,Sooooo ... watched Rambo Last Blood last night finally I need watch see I really think It
283,Rambo: Last Blood,Last Blood like Rambo movies Jesus I eected
284,Rambo: Last Blood,I watch Rambo last blood hands covering nose mouth LOL fucking great
285,Rambo: Last Blood,My best friend moving Mexico mother told I 'm forbidden go see When I asked `` Why '' She
286,Rambo: Last Blood,awesome Entertainment News amp Tix -Rays ..You sign
287,Rambo: Last Blood,I entered win free DVD Combo Pack
288,Rambo: Last Blood,The Rambo Last Blood Version Of Old Town Road released It million times better original
289,Rambo: Last Blood,So I watching Rambo last blood ... scene truck ...
290,Rambo: Last Blood,Rambo Last Blood politicd today see ya tomorrow Sad day time good movie
291,Rambo: Last Blood,Just watched 'Rambo Last Blood Rambo developed special familial bond woman named Maria granddau
292,Rambo: Last Blood,Rambo Last Blood /10
293,Rambo: Last Blood,Rambo last blood
294,Rambo: Last Blood,Thinking Booby-trapping apt like Rambo Last Blood aka Home Alone One Bloody Christmas
295,Rambo: Last Blood,Finally Rambo Last Blood watching event day It 's awful watch sometimes I never forg
296,Rambo: Last Blood,Rambo last blood
297,Rambo: Last Blood,Yo Rambo Last Blood fuckin Brutalyou right
298,Rambo: Last Blood,Rambo Just watched Last Blood great TUNNELS
299,Rambo: Last Blood,Rewatched Rambo Last Blood Still think needs -15 minutes connective tissue/room breath maybe e
300,Rambo: Last Blood,Bit nostalgia childhood watching Rambo The Last Blood
301,Rambo: Last Blood,Watching Rambo Last Blood one girl looks like Rambo First Blood
302,Rambo: Last Blood,I love ur Movie Rambo Last Blood thrilling action movies
303,Rambo: Last Blood,I entered win free DVD Combo Pack
304,Rambo: Last Blood,'s good guy hope 're great day cuz Picked RAMBO LAST BLOOD Looking like ch
305,Rambo: Last Blood,Pixelscroll Pick Day Rambo Last Blood Just released enjoy
306,Rambo: Last Blood,That last battle Last Blood Intense
307,Rambo: Last Blood,Win copy Blu-ray For full details enter click h
308,Rambo: Last Blood,Rambo Last Blood Home Alone
309,Rambo: Last Blood,I watched Rambo last stand Another ace Stallone movie I watched inc. First Blo
310,Rambo: Last Blood,My bottom three Marriage Story The Favourite Rambo Last Blood Opinions man Who needs
311,Rambo: Last Blood,Reviewing Movie Rambo Last Blood later tonight I 'm movie budget But I 'm excited
312,Rambo: Last Blood,Boss Rambo last blood .playing fire 're series watch Mackgyver
313,Rambo: Last Blood,Now Watching Rambo Last Blood
314,Rambo: Last Blood,Just warched Rambo Last Blood The best one imo personally think every child esp
315,Rambo: Last Blood,Check brutal unboxing Rambo Last Blood Blu-ray LINK IN BIO
316,Rambo: Last Blood,watching RAMBO LAST BLOOD wow HOME ALONE remake really violent
317,Rambo: Last Blood,So Rambo Last Blood beyond brutal
318,Rambo: Last Blood,Do n't miss last chapter legendary series ... enter chance score blu-ray combo pack Rambo L
319,Rambo: Last Blood,odds Rambo Last Blood situation critics hate fans/audience fun
320,Rambo: Last Blood,Anybody Christmas wishlist What I ask Santa Claus Blu-ray DVD Rambo Last Blood Angel Has
321,Rambo: Last Blood,Worst Movies From Yesterday Rambo Last Blood Photos
322,Rambo: Last Blood,Rambo last blood
323,Rambo: Last Blood,Love movies Rambo Last Blood AWESOME I knew would Happy Holidays
324,Rambo: Last Blood,Phoenix Albuquerque And Santa Fe Win A Copy Of 'Rambo Last Blood Blu-ray
325,Rambo: Last Blood,Why RAMBO best watching Rambo Last Blood
326,Rambo: Last Blood,I coupon Last Blood I must use would n't Christmas without Rambo year
327,Rambo: Last Blood,Movies I 've seen theaters past months graded Once Upon A Time Hollywood B+ Rambo Last Blood C
328,Rambo: Last Blood,I tried watch RAMBO LAST BLOOD made ten minutes It like somehow tricked Stallone
329,Rambo: Last Blood,I got Rambo Last Blood Christmas gift LOL
330,Rambo: Last Blood,Anybody Christmas wishlist What I ask Santa Claus Blu-ray DVD Rambo Last Blood Ange
331,Rambo: Last Blood,New DVD/Blu-ray The latest film movie franchise old tired says Carsten
332,Rambo: Last Blood,How feel LAST BLOOD 's available online
333,Rambo: Last Blood,I ca n't wait posting Last Blood see high `` brutal '' counter gets Joh
334,Rambo: Last Blood,Worst Movies From Yesterday Rambo Last Blood Photos
335,Rambo: Last Blood,Rambo Last Blood 2019 Sylvester Stallone came today DVD amp Blu-Ray Action films good point maybe I 'm jus
336,Rambo: Last Blood,Legends never die The time come Watch
337,Rambo: Last Blood,Legends never die The time come Watch
338,Rambo: Last Blood,RAMBO LAST BLOOD
339,Rambo: Last Blood,Rambo Last Blood K Steelbook Review
340,Rambo: Last Blood,It 's dud video suspiciously processed sometimes
341,Rambo: Last Blood,I know 's thing Does n't mean 's always right says He 's st
342,Rambo: Last Blood,Grew loving Sylvester Stallone movies Rocky first blood etc watched latest Last Blood fkn geriatri
343,Rambo: Last Blood,Rambo last blood worst movie
344,Rambo: Last Blood,Rambo Last Blood fucking gruesome
345,Rambo: Last Blood,Rambo last blood
346,Rambo: Last Blood,Sylvester rock I watched latest movie Rambo-Last Blood OMG What freaking awesom
347,Rambo: Last Blood,Man seen RAMBO LAST BLOOD bruh
348,Rambo: Last Blood,RAMBO LAST BLOOD Blu-ray Tribute All CA daily Jan
349,Rambo: Last Blood,Just watched Rambo Last Blood ... love Stallone Rambo one seemed like cross TAKEN HOME ALONE
350,Rambo: Last Blood,My Walmart n't get AD Astra k blu-ray got The Hustle Rambo last blood k wtf Walmart
351,Rambo: Last Blood,Rambo Last Blood Rambo From Grave Rambo Son Rambo
352,Rambo: Last Blood,Stallone really raising reputation `` Rambo Last Blood '' The movie good previous ones
353,Rambo: Last Blood,Mi nuevo post en RAMBO LAST BLOOD gift pack contest
354,Rambo: Last Blood,Rambo last blood
355,Rambo: Last Blood,Favourite Movies Doctor Sleep Midsommar Child Play Once Upon A Time ... In Hollywood Rambo La
356,Rambo: Last Blood,Favourite Movies Doctor Sleep Midsommar Child Play Once Upon A Time ... In Hollywood Rambo La
357,Rambo: Last Blood,Favourite Movies Doctor Sleep Midsommar Child Play Once Upon A Time ... In Hollywood R
358,Rambo: Last Blood,Rambo Last Blood
359,Rambo: Last Blood,I lived world death I tried come home I never really arrived A part mind soul got lo
360,Rambo: Last Blood,Rambo Last Blood
361,Rambo: Last Blood,Doctor sleep Rambo last blood hustlers joker
362,Rambo: Last Blood,I finally got see Rambo Last Blood comfort safety home Great movie gr
363,Rambo: Last Blood,Enter win copy RAMBO LAST BLOOD Blu-ray
364,Rambo: Last Blood,Join get 's new XNK free Use code `` CFWKPP '' extra XNK Just got w
365,Rambo: Last Blood,rambo last blood
366,Rambo: Last Blood,That 's wrap Last Blood Blu-ray contest Check DMs emails Facebook messages see 've
367,Rambo: Last Blood,Brian point Donald n't like probably move contaminated SJW
368,Rambo: Last Blood,Rambo Last Blood I assume hilarious comedy John Rambo journey menopause
369,Rambo: Last Blood,Rambo 's last blood joke
370,Rambo: Last Blood,Enter giveaway Last Blood Gift Pack
371,Rambo: Last Blood,Rambo Last Blood Home Alone Brutal Version
372,Rambo: Last Blood,Just watched Rambo Last Blood ... love Stallone Rambo one seemed like cross TAKEN HOME ALONE
373,Rambo: Last Blood,Rambo The Last Blood review
374,Rambo: Last Blood,Rambo last blood Yeaaaah
375,Rambo: Last Blood,Rambo Last Blood
376,Rambo: Last Blood,Enter giveaway Last Blood Gift Pack
377,Rambo: Last Blood,Phoenix Albuquerque And Santa Fe Win A Copy Of 'Rambo Last Blood Blu-ray
378,Rambo: Last Blood,Rambo Last Blood
379,Rambo: Last Blood,Films eligible Best Picture Angry Birds Detective Pikachu Terminator Dark Fate Midway The Playmobil movie Hobbs amp
380,Rambo: Last Blood,Oh You getting soft Chuck You cure immediately go full sap
381,Rambo: Last Blood,Rambo Last Blood 2019 Film Review
382,Rambo: Last Blood,My review Rambo Last Blood Letterbo
383,Rambo: Last Blood,The ending Rambo Last Blood brutal ripped mans heart OMG good movie
384,Rambo: Last Blood,Joker Downtown Abbey Rambo Last Blood Ip Man Spiderman Far Home Frozen
385,Rambo: Last Blood,Watched Rambo Last Blood PPV last night It certainly tried live blood part name If
386,Rambo: Last Blood,Sly est de retour dans RAMBO LAST BLOOD en Blu-Ray Steelbook en France gt
387,Rambo: Last Blood,Enter giveaway Last Blood Gift Pack
388,Rambo: Last Blood,Films eligible Best Picture Angry Birds Detective Pikachu Terminator Dark Fate Midway The Playmobil mo
389,Rambo: Last Blood,Am I one thinks Rambo last blood
390,Rambo: Last Blood,Watching Rambo Last Blood It deserves rating received cinema screenings
391,Rambo: Last Blood,Rambo Last Blood issue female voters
392,Rambo: Last Blood,Rambo Last Blood badass I give stars
393,Rambo: Last Blood,Tyler Rambo Last Blood
394,Rambo: Last Blood,Tyler Rambo Last Blood
395,Rambo: Last Blood,How feel LAST BLOOD 's available online
396,Rambo: Last Blood,Finally getting around Rambo Last Blood So far good Fucking brutal already
397,Rambo: Last Blood,Showtime The last blood 2019 English
398,Rambo: Last Blood,Rambo Last Blood almost made cry WTF
399,Rambo: Last Blood,I probably would liked LAST BLOOD Rambo movie
400,Rambo: Last Blood,I got one collection Rambo Last Blood The Great Sly.
401,Rambo: Last Blood,Fuck I watching Rambo Last Blood now..
402,Rambo: Last Blood,Totally gutted Rambo last blood n't released blue ray UK January th Was really hoping get Santa
403,Rambo: Last Blood,Rambo Last Blood
404,Rambo: Last Blood,RAMBO LAST BLOOD gift pack contest
405,Rambo: Last Blood,new DVDs amp Blu-rays Highlights include 's SILVER BULL
406,Rambo: Last Blood,Movie post Just watched Rambo Last Blood DVD It stands alone ties previous movies Less action movie
407,Rambo: Last Blood,Movie post Just watched Rambo Last Blood DVD It stands alone ties previous movies Less action mov
408,Rambo: Last Blood,Watching Rambo Last blood brb
409,Rambo: Last Blood,Angel fallen underground watch judge Rambo last blood
410,Rambo: Last Blood,Angel fallen underground watch judge Rambo last blood
411,Rambo: Last Blood,rambo last blood emotions place
412,Rambo: Last Blood,Yet another example one takes critic reviews seriously These people right head Also Rambo
413,Rambo: Last Blood,Mejor John Wick Joker Toy Story Alita Battle Angel Shazam Rambo Last Blood Ford vs Ferrar
414,Rambo: Last Blood,Half hour Rambo last blood awesome
415,Rambo: Last Blood,narrows scope still delivers visceral violent revenge yarn
416,Rambo: Last Blood,Top movies particular order John Wick Rambo Last Blood Joker Hobbs amp Shaw The Irishman
417,Rambo: Last Blood,Enter giveaway Last Blood Gift Pack
418,Rambo: Last Blood,Win cool fan pack RAMBO LAST BLOOD
419,Rambo: Last Blood,Rambo Last Blood I eecting crazy violence last one one insane Almost
420,Rambo: Last Blood,Watched Rambo last blood saw critic rating 157 written critic reviews found funny reviews
421,Rambo: Last Blood,Old Man Rampage 'Rambo Last Blood
422,Rambo: Last Blood,Vean RAMBO The last blood please
423,Rambo: Last Blood,Last Blood added In Stores section The Best Darn Girls Skill
424,Rambo: Last Blood,Rambo Last Blood /10 Almost fun top violence porn kind way I even know thi
425,Rambo: Last Blood,Win cool fan pack RAMBO LAST BLOOD
426,Rambo: Last Blood,RAMBO LAST BLOOD REVIEW The last RAMBO series see era A movie completely defining true Ramb
427,Rambo: Last Blood,Rambo Last Blood 2019 Sylvester Stallone came today DVD amp Blu-Ray Action films good point
428,Rambo: Last Blood,Win cool fan pack RAMBO LAST BLOOD
429,Rambo: Last Blood,Win cool fan pack RAMBO LAST BLOOD
430,Rambo: Last Blood,Win cool fan pack RAMBO LAST BLOOD
431,Rambo: Last Blood,Not football tweet Rambo Last Blood awesome Wow
432,Rambo: Last Blood,How feel LAST BLOOD 's available online
433,Rambo: Last Blood,Just watched Rambo Last Blood reminded BEST Stallone drawing I 've ever seen
434,Rambo: Last Blood,Gon na get Rambo Last Blood ... I better get lot action
435,Rambo: Last Blood,We watch rent movie Rambo last blood I know good movie wow I cry
436,Rambo: Last Blood,I know see Thank You Thank You I get watch Last Blood I First B
437,Rambo: Last Blood,Rambo Last Blood Now available iTunes Movie Store
438,Rambo: Last Blood,Just watched Rambo Last Blood Even though short movie hour half long still
439,Rambo: Last Blood,Watching RAMBO LAST BLOOD Stallone 's answer MAN ON FIRE
440,Rambo: Last Blood,Movie review rambo last blood An hour-and-a-half mindless guns blood gore Sylvester Stallone It right
441,Rambo: Last Blood,Oh boy Rambo Last Blood brutal I dig
442,Rambo: Last Blood,Just watched Rambo Last Blood I wish I would seen moviesssss
443,Rambo: Last Blood,Rambo last blood playing
444,Rambo: Last Blood,NEW ON HOME VIDEO The sci-fi mystery `` Ad Astra '' action film `` Rambo Last Blood '' arrive video week
445,Rambo: Last Blood,Watched Rambo last blood saw critic rating 157 written critic reviews found funny reviews
446,Rambo: Last Blood,Watched Rambo last blood saw critic rating 157 written critic reviews found funny reviews
447,Rambo: Last Blood,Updated list favorite movies The Beach Bum Deadwood Dolemite Is My Name Dragged Across Concrete The Iri
448,Rambo: Last Blood,K Blu-ray Rental Last Blood Rent Tech Specs Video Native K master format RAW 5K
449,Rambo: Last Blood,dawg rambo last blood cant watch dudes die hurting ME
450,Rambo: Last Blood,K Blu-ray Rental Last Blood Rent Tech Specs Video Native K master format
451,Rambo: Last Blood,I entered win Blu ray combo pack Rambo Last Blood The River
452,Rambo: Last Blood,New USA DVDs released tracks Abominable rated PG Ad Astra rated PG-13 Downton Abbey rated PG
453,Rambo: Last Blood,Watched Rambo last blood saw critic rating 157 written critic reviews found funny reviews
454,Rambo: Last Blood,Just watched Rambo Last Blood Sooo bad But soooo goood
455,Rambo: Last Blood,If thought Rambo excessively violent top seen nothin yet Last earns
456,Rambo: Last Blood,/17 'Rambo Last Blood 'Ad Astra 'Downton Abbey 'Abominable Patrick Lussier 's 'Trick 'Over
457,Rambo: Last Blood,rambo last blood made cry
458,Rambo: Last Blood,I 'm currently watching Rambo Last Blood
459,Rambo: Last Blood,New USA DVDs released tracks Abominable rated PG Ad Astra rated PG-13 Downton Abbey rated PG
460,Rambo: Last Blood,Mi nuevo post en RAMBO LAST BLOOD put actress Paz Vega dream fulfilling role
461,Rambo: Last Blood,Just watched Rambo Last Blood ... love Stallone Rambo one seemed like cross TAKEN HOME ALONE
462,Rambo: Last Blood,Rambo Last Blood good ... Stallone legend
463,Rambo: Last Blood,Lionsgate get releasing longer cut RAMBO LAST BLOOD overseas
464,Rambo: Last Blood,Just watched Rambo Last Blood ... love Stallone Rambo one seemed like cross TAKEN HOME ALONE
465,Rambo: Last Blood,You n't seen last one RAMBO yet everyone
466,Rambo: Last Blood,Watched Rambo last blood saw critic rating 157 written critic reviews found funny revie
467,Rambo: Last Blood,It 's Tuesday Family Video Grab today 's big releases local store Rambo Last Blood Ad Astr
468,Rambo: Last Blood,Oh boy Rambo Last Blood brutal I dig
469,Rambo: Last Blood,Get copies rambo last blood k get good boys blu ray
470,Rambo: Last Blood,My official film review ... Rambo Last Blood
471,Rambo: Last Blood,Lionsgate sent items Blu-Ray release Rambo Last Blood
472,Rambo: Last Blood,Rambo Last Blood 2019 The Doors-Five To One via
473,Rambo: Last Blood,Add Rambo last blood Appalling
474,Rambo: Last Blood,Actress Paz Vega realizes dream part RAMBO LAST BLOOD
475,Rambo: Last Blood,Updated list favorite movies The Beach Bum Deadwood Dolemite Is My Name Dragged Across Concrete The
476,Rambo: Last Blood,Hey Yvette check video review Rambo Last Blood
477,Rambo: Last Blood,Check video review Rambo Last Blood k
478,Rambo: Last Blood,Rambo Last Blood Best Buy Exclusive K Ultra HD Blu-ray Steelbook Unboxing via
479,Rambo: Last Blood,If thought Rambo excessively violent top seen nothin yet Last
480,Rambo: Last Blood,Just paid actual money rent RamboLast Blood
481,Rambo: Last Blood,Just watched Rambo last blood Great movie left alone lol
482,Rambo: Last Blood,Virginians `` RAMBO Last Blood '' Redbox
483,Rambo: Last Blood,Rambo Last Blood
484,Rambo: Last Blood,`` RAMBO LAST BLOOD '' REDBOX ... LONG NECK AND AMERICA
485,Rambo: Last Blood,New USA DVDs released tracks Abominable rated PG Ad Astra rated PG-13 Downton Abbey rated PG
486,Rambo: Last Blood,Newest GIVEAWAY We GIFT PACKS T-shirt Beanie Headband Shot Glass Blu-ray Combo Pack `` Rambo Last Bl
487,Rambo: Last Blood,'ve really loving 's coverage past years amp excited wri
488,Rambo: Last Blood,'ve really loving 's coverage past years amp excited
489,Rambo: Last Blood,Last blood great I like path chose made Gemini man Rambo n
490,Rambo: Last Blood,Rambo last blood..
491,Rambo: Last Blood,Finally got around watching 'Rambo Last Blood Talk n bout 'keep n real ... The closing credi
492,Rambo: Last Blood,Nolte Woke Critics Rip Rambo Last Blood Racist via
493,Rambo: Last Blood,So I watched Rambo Last Blood ... Think need Rambo MK
494,Rambo: Last Blood,Rambo Last Blood released year Rambo First Blood came way back Rambo one tou
495,Rambo: Last Blood,Rambo-Last Blood
496,Rambo: Last Blood,awesome Entertainment News amp Tix -Rays ..You sign
497,Rambo: Last Blood,I entered win free DVD Combo Pack
498,Rambo: Last Blood,I entered win free DVD Combo Pack
499,Rambo: Last Blood,In deadly journey vengeance Rambo must confront past unearth ruthless combat skills exact reve
500,Rambo: Last Blood,Never really tried watch Rambo movies I watched Last Blood I think crazy ol
501,Rambo: Last Blood,It 's feast AD ASTRA RAMBO LAST BLOOD new K edition everyone favorite boy-m
502,Rambo: Last Blood,Enter chance win Rambo Last Blood DVD
503,Rambo: Last Blood,Rambo last blood 2019
504,Rambo: Last Blood,awesome Entertainment News amp Tix -Rays ..You sign
505,Rambo: Last Blood,RAMBO LAST BLOOD Gift Pack Giveaway
506,Rambo: Last Blood,I entered win free DVD Combo Pack
507,Rambo: Last Blood,Today 's rental Rambo Last blood Once alpha male shows ... ..
508,Rambo: Last Blood,RAMBO LAST BLOOD Gift Pack Giveaway
509,Rambo: Last Blood,New USA DVDs released tracks Abominable rated PG Ad Astra rated PG-13 Downton Abbey ra
510,Rambo: Last Blood,IN STORES NOW Last Blood review Shortlink Permalink
511,Rambo: Last Blood,Enter giveaway Last Blood Gift Pack
512,Rambo: Last Blood,Rambo Last Blood good ass movie
513,Rambo: Last Blood,Enter TheSocialGurl giveaway Last Blood Gift Pack
514,Rambo: Last Blood,Only hours left enter Last Blood Blu-ray contest
515,Rambo: Last Blood,Got early screens Patreons Full review tomorrow far fewer screenshots
516,Rambo: Last Blood,My review Rambo Last Blood
517,Rambo: Last Blood,Going watch Rambo Last Blood tonight
518,Rambo: Last Blood,I got done watching Underground movie something else almost like Dead pool Rambo last b
519,Rambo: Last Blood,Rambo last blood
520,Rambo: Last Blood,Got early screens Patreons Full review tomorrow far fewer screenshots
521,Rambo: Last Blood,Just watched Rambo Last Blood Hmmmm
522,Rambo: Last Blood,They drew first blood ... He draw last Follow us RT enter copy 's latest action epic
523,Rambo: Last Blood,They drew first blood ... He draw last Follow us RT enter copy 's latest action epic
524,Rambo: Last Blood,They drew first blood ... He draw last Follow us RT enter copy 's latest action epic
525,Rambo: Last Blood,So RamboLast Blood Taken Home Alone mixed one Not really Rambo I dig hour half Stallone action
526,Rambo: Last Blood,Just watched Rambo Last Blood sister sister bf Even ripe old age
527,Rambo: Last Blood,Old Man Rampage 'Rambo Last Blood
528,Rambo: Last Blood,I watched Rambo last blood excellent movie
529,Rambo: Last Blood,I watched Rambo last blood excellent movie
530,Rambo: Last Blood,Rambo Last Blood \m/
531,Rambo: Last Blood,New Week Abominable Rambo Last Blood Ad Astra Downton Abbey
532,Rambo: Last Blood,The Godfather far long considered rewatchable It 's clearly House Party Outside Pro
533,Rambo: Last Blood,Enter giveaway Last Blood Gift Pack
534,Rambo: Last Blood,Hi today 'm good today finally go
535,Rambo: Last Blood,Hi today 'm good today fi
536,Rambo: Last Blood,Watching movie RAMBO Last Blood
537,Rambo: Last Blood,We T-shirt Beanie Headband Shot Glass Blu-ray Combo Pack TWO lucky w
538,Rambo: Last Blood,It 's Tuesday Family Video Grab today 's big releases local store Rambo Last Blood
539,Rambo: Last Blood,New Clip And Featurette From Rambo Last Blood Home Release
540,Rambo: Last Blood,Enter Win RAMBO LAST BLOOD Online Gift Pack
541,Rambo: Last Blood,Embarrassed Rambo Author Agrees With Last Blood Bad Reviews ...
542,Rambo: Last Blood,Rambo Last Blood Cast amp Character Guide ...
543,Rambo: Last Blood,Rambo Last Blood Bought today It must-see
544,Rambo: Last Blood,Rambo Last Blood
545,Rambo: Last Blood,We hope ready Last Blood theaters NOW
546,Rambo: Last Blood,What favorite moment Last Blood Don miss finale
547,Rambo: Last Blood,Family everything Head theater see Last Blood NOW PLAYING
548,Rambo: Last Blood,He keeps promises Last Blood NOW PLAYING
549,Rambo: Last Blood,New Releases Week December From Big Screen `` Downton Abbey '' `` Abomina
550,Rambo: Last Blood,Enter giveaway Last Blood Gift Pack
551,Rambo: Last Blood,It 's DVD/Blu-ray Tuesday `` Downton Abbey '' `` Overcomer '' `` Ad Astra '' `` Rambo Last Blood '' `` Abominable '' `` Melody Make
552,Rambo: Last Blood,My List Worst Movies Honorable Mentions Ad Astra The Kid Who Would Be King Rambo Last Blood T
553,Rambo: Last Blood,Win copy Blu-ray For full details enter click h
554,Rambo: Last Blood,New Clip And Featurette From Rambo Last Blood Home Release
555,Rambo: Last Blood,New Clip And Featurette From Rambo Last Blood Home Release
556,Rambo: Last Blood,Tenho The Blacklist em atraso Mr Robot em atraso Treadstone The Mandalorian Vikings e His Dar
557,Rambo: Last Blood,They drew first blood ... He draw last Follow us RT enter copy 's latest action epic
558,Rambo: Last Blood,Only hours left enter Last Blood Blu-ray contest
559,Rambo: Last Blood,I want know death coming And 's nothing stop Had pick Rambo Last
560,Rambo: Last Blood,Enter giveaway Last Blood Gift Pack
561,Rambo: Last Blood,There little low-rated movie called Avengement It better GOT8 The Irishman Underground Ram
562,Rambo: Last Blood,My mother wanted see Rambo last blood film I got This dreadful I mean Fonz ju
563,Rambo: Last Blood,Join get 's new XNK free Use code `` DQQKQF '' extra XNK Just got w
564,Rambo: Last Blood,Rambo Last blood brutal killing much..
565,Rambo: Last Blood,Rambo Last blood brutal killing much..
566,Rambo: Last Blood,today Blu-ray 've got chance win
567,Rambo: Last Blood,Rambo Last Blood movies great..been watching Rambo series since childhood THANKS A LOT FOR YOUR HARDWORK
568,Rambo: Last Blood,Rambo Last Blood Hands-On Eerience Forging Dagger
569,Rambo: Last Blood,Joker Once Upon Time Hollywood Us Ready Not Knives Out Zombieland Aladdin Marriage St
570,Rambo: Last Blood,We stocked Rambo Last Blood ... Check
571,Rambo: Last Blood,Happy New movies today include Downton Abbey The Motion Picture DVD Blu-Ray Abominable DVD
572,Rambo: Last Blood,Happy New movies today include Downton Abbey The Motion Picture DVD Blu-Ray Abominable
573,Rambo: Last Blood,LAT Rambo `` There another aspect story surprisingly brooding examination warrior winter
574,Rambo: Last Blood,Rambo Last Blood ... stock Check
575,Rambo: Last Blood,CouchPotato Found releases `` Rambo Last Blood '' ETA Select download via dashboard
576,Rambo: Last Blood,reading reviews Rambo last blood one positive critic review metacric 'm going user revie
577,Rambo: Last Blood,Enter giveaway Last Blood Gift Pack
578,Rambo: Last Blood,Rambo Last Blood like bloody version Taken
579,Rambo: Last Blood,Ok let see Rambo Last Blood better In case tell I home alone tonight
580,Rambo: Last Blood,Yup lot make-up Playing Juanita Rambo V Last Blood
581,Rambo: Last Blood,Rambo Last Blood Angel Has Fallen City Lies DVDs Now In Stock Shipping
582,Rambo: Last Blood,I got father Rambo Last Blood Christmas He 's going love
583,Rambo: Last Blood,Rambo Last Blood 2019 Download Full Movie Bluray p Subtitel Indonesia
584,Rambo: Last Blood,My Top Favorite Films Dec Once Upon Time Hollywood Parasite Joker Ford vs
585,Rambo: Last Blood,Rambo buda hu k handsome hugya Rambo The Last Blood
586,Rambo: Last Blood,I planning get Rambo movies
587,Rambo: Last Blood,Rambo Last Blood Combo Pack
588,Rambo: Last Blood,My least favorite movies k19 Toy Story I n't seen others Lion King Lego mov
589,Rambo: Last Blood,Rambo Last Blood 2019 /10
590,Rambo: Last Blood,Decorating almost done -Sitting light Christmas tree watching fave movie-Rambo Last Blood Happy
591,Rambo: Last Blood,They drew first blood ... He draw last Follow us RT enter copy 's latest action epic
592,Rambo: Last Blood,They drew first blood ... He draw last Follow us RT enter copy 's latest action epic
593,Rambo: Last Blood,Obvious ones Joker It Ch Rambo Last Blood Irishman Lighthouse Once Upon A Time In Hollywo
594,Rambo: Last Blood,Credits Movie History RAMBO Last Blood 2019 HD via The legendary Rambo v
595,Rambo: Last Blood,Last Blood niggah done snatched fool heart After pinning ass barn wall
596,Rambo: Last Blood,Rambo Last Blood The second best film I 've watched year First Godzilla King Mo
597,Rambo: Last Blood,-RAMBO LAST BLOOD Blu-ray DVD Digital HD For Fans In
598,Rambo: Last Blood,Giveaway-RAMBO LAST BLOOD Blu-ray DVD Digital HD For Fans In Phoenix
599,Rambo: Last Blood,Giveaway-RAMBO LAST BLOOD Blu-ray DVD Digital HD For Fans In Albuquerque/Santa Fe
600,Rambo: Last Blood,Rambo Last Blood 2019 Original Auds
601,Rambo: Last Blood,oh jeez even watch rambo last blood
602,Rambo: Last Blood,Finally got around watching Last Blood Why I always find hilarious see bad guys get inhumanly f
603,Rambo: Last Blood,This movie hard RAMBO Last Blood
604,Rambo: Last Blood,*****You know I n't get watch movies much really got train thought girls get taken
605,Rambo: Last Blood,Home Alone Last Blood Rambo much like original Home Alone hour eition minute actio
606,Rambo: Last Blood,Rambo Last Blood 2019 Original Auds
607,Rambo: Last Blood,Mine gone week I playing Tony Hawks Proskater watched Rambo Last Blood
608,Rambo: Last Blood,Get copy Rambo Last Blood local Rt Walmart Starting 14.96 amp
609,Rambo: Last Blood,I want revenge I want know death coming nothing
610,Rambo: Last Blood,Rambo Last Blood Paz Vega Why She Wanted Be This Iconic Franchise Exclusive Interview
611,Rambo: Last Blood,After reading I really think uncut version Nighthawks released
612,Rambo: Last Blood,I adored Sex Lucia Talk Her Spoke via e-mail Rambo Last Blood Paz Vega Why She Wanted
613,Rambo: Last Blood,Nothing prepares Chicago cold weather like RAMBOLAST BLOOD winter hat Last Blood Blu-Ray
614,Rambo: Last Blood,Got EPIC supply drop I ready go war Brought trusty official Rambo kn
615,Rambo: Last Blood,Rambo Last Blood Cast amp Character Guide ...
616,Rambo: Last Blood,Good morning I hope 'RamboLast Blood released theaters Japan soon possible
617,Rambo: Last Blood,Embarrassed Rambo Author Agrees With Last Blood Bad Reviews ...
618,Rambo: Last Blood,Everybody watches Rambo Last Blood govt watch list
619,Rambo: Last Blood,I rated Rambo Last Blood 2019 /10
620,Rambo: Last Blood,hi today 'm good ca n't wait till tomor
621,Rambo: Last Blood,hi today 'm good ca n't wait ti
622,Rambo: Last Blood,I watched RamboLast Blood fantastic magnificent ending one favorite heroes
623,Rambo: Last Blood,Sat wanting listen 're I 'm forced watch Rambo
624,Rambo: Last Blood,Rambo last blood one hell watch What hard bastard
625,Rambo: Last Blood,/17 'Rambo Last Blood 'Ad Astra 'Downton Abbey 'Abominable Patrick Lussier 's 'Tri
626,Rambo: Last Blood,Rambo Last Blood One great action movie franchises comes end A character brought life
627,Rambo: Last Blood,They got SUPER MAD people criticized Rambo The Last Blood
628,Rambo: Last Blood,/16/2019 TRENDING MOVIES Underground Code Once Upon Time Hollywood
629,Rambo: Last Blood,Rambo last blood basically Home Stallone House full traps
630,Rambo: Last Blood,Rambo Here 's An Exclusive Bonus Feature Look At RAMBO LAST BLOOD
631,Rambo: Last Blood,Rambo last blood
632,Rambo: Last Blood,Rambo last blood good He remains true character
633,Rambo: Last Blood,Who watched Rambo Last Blood think movie
634,Rambo: Last Blood,Rambo Last Blood 2019 hopefully final Rambo limp rather nasty damp squib The highlight act
635,Rambo: Last Blood,/16/2019 TRENDING MOVIES Underground Code Once Upon Time Hollywood
636,Rambo: Last Blood,My bottom order deserve thought Rambo Last Blood Get Hard The Emoji Movie Why Did I Get
637,Rambo: Last Blood,Growing Sylvester Stallone huge part life From Rocky Rambo Eendables Not remi
638,Rambo: Last Blood,It 's Rambo Last Blood
639,Rambo: Last Blood,Angel Has Fallen ... series fun watch Rambo prepare latest Rambo Last Blood ...
640,Rambo: Last Blood,Rambo Last Blood Tamil original audio released
641,Rambo: Last Blood,New Tuesday AD Astra Rambo Last Blood Downton Abbey Movie Overcomer amp Abominable Get holiday season fu
642,Rambo: Last Blood,New Tuesday AD Astra Rambo Last Blood Downton Abbey Movie Overcomer amp Abominable Get holiday season fu
643,Rambo: Last Blood,Currently I review everything I saw Marriage Story The Favourite Rambo Last Blood equally th
644,Rambo: Last Blood,Rambo last blood
645,Rambo: Last Blood,Screen w Rambo Last Blood unforgettable double feature
646,Rambo: Last Blood,Me too.. Hope right I hope 's like Rambo Last Blood money grab
647,Rambo: Last Blood,Haven seen mission honor Eventually I catch Rambo last blood I fan previous
648,Rambo: Last Blood,Rambo Last Blood
649,Rambo: Last Blood,Rambo Last Blood K Ultra HD Blu-ray Review
650,Rambo: Last Blood,Rambo last blood
651,Rambo: Last Blood,I start one Netflix weekend changed mind Instead I saw `` Missio
652,Rambo: Last Blood,When I see RAMBO THE LAST BLOOD screen Japan I looking forward seeing
653,Rambo: Last Blood,I watched Rambo Last Blood yesterday loved I think best way describe film Taken meets Home Alone
654,Rambo: Last Blood,Rambo Last Blood
655,Rambo: Last Blood,Rambo The Last Blood
656,Rambo: Last Blood,Two weeks ago I bought coat I saw Rambo wearing similar one Last Blood The day I saw coat di
657,Rambo: Last Blood,Rambo last blood stonking film
658,Rambo: Last Blood,Contenders Hobbs amphaw Last Blood Rambo JW Chapter III
659,Rambo: Last Blood,Two weeks ago I bought coat I saw Rambo wearing similar one Last Blood The day I saw
660,Rambo: Last Blood,Rambo Last Blood
661,Rambo: Last Blood,Rambo dey decapitate people last blood
662,Rambo: Last Blood,Rambo Last Blood
663,Rambo: Last Blood,It satisfying ending offer much way definitive closure
664,Rambo: Last Blood,Rambo Last Blood releases Blu-ray k Blu-ray amp DVD Tuesday
665,Rambo: Last Blood,Abominable animation Ad Astra Angel fallen Code Crown Vic Doctor Sleep Downton Abbey Freaks Gemini Man Hustlers Killerm
666,Rambo: Last Blood,They drew first blood ... He draw last Follow us RT enter copy 's latest action epic
667,Rambo: Last Blood,This weekend I 've watched lot action movies wife Rambo Commando Olympus Fallen
668,Rambo: Last Blood,RAMBO LAST BLOOD NEW DVD
669,Rambo: Last Blood,It great movie great job I 'd say Rambo best Rambo Last Blood
670,Rambo: Last Blood,It satisfying ending offer much way definitive closure
671,Rambo: Last Blood,Tis season Days Win Blu-Ray/DVD/Digital combo RAMBO Last Blood Follow us Tell us
672,Rambo: Last Blood,The worst movies I Spit On Your Grave Deja Vu Murder Mystery Terminator Dark Fate Rambo
673,Rambo: Last Blood,There 's count Rambo Last Blood count Skyfall
674,Rambo: Last Blood,But last week I step away holidays I 'll get stuff posted Rambo Last Blood sure
675,Rambo: Last Blood,Rambo last blood
676,Rambo: Last Blood,Finally saw Rambo Last Blood Besides problematic story biggest takeaway character
677,Rambo: Last Blood,DVD Round-Up 'Ad Astra 'Downton Abbey 'Abominable 'Rambo Last Blood amp 'Killjoys Week December
678,Rambo: Last Blood,Rambo Last Blood
679,Rambo: Last Blood,Rambo Last Blood Still kicking A
680,Rambo: Last Blood,Rambo-Last Blood
681,Rambo: Last Blood,Almost four decades Rambo first drew blood along boffice gold First Blood Sylvester Stallone elite Sp
682,Rambo: Last Blood,Once Upon Time Hollywood Doc Martin Series It Chapter Two The Court Jester
683,Rambo: Last Blood,Movie time Rambo Last Blood
684,Rambo: Last Blood,... Rambo last blood ... Really
685,Rambo: Last Blood,A bit movie trivia The script Rambo Last Blood originally intended Home Al9ne reboot
686,Rambo: Last Blood,Rambo Last Blood Good Movie..
687,Rambo: Last Blood,Once Upon Time Hollywood Doc Martin Series It Chapter Two The Court
688,Rambo: Last Blood,Rambo last Blood
689,Rambo: Last Blood,Rambo Last Blood ... The last half hour like Home Alone Rambo fans
690,Rambo: Last Blood,First Blood Rambo First Blood part II Rambo III Rambo Rambo Last Blood
691,Rambo: Last Blood,Rambo First Blood Rambo Last Blood Rambo Oh Wait We Found More Blood
692,Rambo: Last Blood,Rambo Home Alone movie Pretty decent great story closure watching Rambo V Last Blood
693,Rambo: Last Blood,Rambo Last Blood best examples good native K UHD Blu-ray content look It also
694,Rambo: Last Blood,Anybody voting Rambo needs word There one poor Rocky film whe
695,Rambo: Last Blood,Rambo last blood
696,Rambo: Last Blood,I rated Rambo Last Blood 2019 /10 RAMBO
697,Rambo: Last Blood,Earning selling stuff Join using code `` DDGJLC '' extra XNK I l
698,Rambo: Last Blood,RAMBO LAST BLOOD Official Trailer 2019 Sylvester Stallone Action Movie HD
699,Rambo: Last Blood,Just watched Rambo The Last Blood *chef 's kiss*
700,Rambo: Last Blood,Rambo Last Blood releases Blu-ray k Blu-ray amp DVD Tuesday
701,Rambo: Last Blood,Rambo last blood
702,Rambo: Last Blood,I watched Underground last night Enjoyed I love Ryan Reynolds action packed Not great movie
703,Rambo: Last Blood,Almost four decades Rambo first drew blood along boffice gold First Blood Sylvester Stallone
704,Rambo: Last Blood,Rambo Last Blood one badass movie
705,Rambo: Last Blood,Rambo Last Blood best examples good native K UHD Blu-ray content look It also som
706,Rambo: Last Blood,Going old school watching John Rambo `` last blood '' n't need new `` iheros ''
707,Rambo: Last Blood,Rambo last blood
708,Rambo: Last Blood,Watching First Blood Last time I watched dubbed French Even though I dobt und
709,Rambo: Last Blood,What dumb list full films n't worst year
710,Rambo: Last Blood,Rambo last blood
711,Rambo: Last Blood,Rambo last Blood
712,Rambo: Last Blood,Rambo Last Blood
713,Rambo: Last Blood,My current movies list 18/19 Any recommendations things I seen yet Escape amp Evasion Jo
714,Rambo: Last Blood,Rambo last blood class film
715,Rambo: Last Blood,new DVD Tuesday My Review Stallone 's return one iconic characters
716,Rambo: Last Blood,Check LAST BLOOD K UHD/Blu-ray Digital HD NEW FREE SHIP
717,Rambo: Last Blood,Rambo Last Blood
718,Rambo: Last Blood,Tis season Days Win Blu-Ray/DVD/Digital combo RAMBO Last Blood Follow us T
719,Rambo: Last Blood,Rambo last blood best movie
720,Rambo: Last Blood,since watched Home Alone need watch Rambo Last Blood The third act pretty much exactly
721,Rambo: Last Blood,How Liberal critics rate Rambo Last Blood `` less escapist action movie dramatized manifestation
722,Rambo: Last Blood,In movie Rambo last blood.. G wagons desert ... love scene
723,Rambo: Last Blood,Rambo Last Blood gory good movie triggers ptsd good movie
724,Rambo: Last Blood,Chale I dey watch Rambo Last blood wey Mexican prostitution ring kill John Rambo niece ... I dey fear seff
725,Rambo: Last Blood,stores Tuesday Pre-order copy today
726,Rambo: Last Blood,stores Tuesday Pre-order copy today
727,Rambo: Last Blood,stores Tuesday Pre-order copy today
728,Rambo: Last Blood,Throughly enjoyed Rambo Last Blood bare minimum story lots violence nice montage end Decent Sunday afternoon
729,Rambo: Last Blood,Here Me Next To Rambo Last Blood On Wednesday September th And I Enjoyed This Movie A lot With The First F
730,Rambo: Last Blood,How Liberal critics rate Rambo Last Blood `` less escapist action movie dramatized manifestation
731,Rambo: Last Blood,I keep calling new movie Rambo Old Blood instead Last Blood I even joke pu
732,Rambo: Last Blood,When I watched Rambo Last blood
733,Rambo: Last Blood,How Liberal critics rate Rambo Last Blood `` less escapist action movie dramatized manifestation
734,Rambo: Last Blood,How Liberal critics rate Rambo Last Blood `` less escapist action movie dramatized manifestation
735,Rambo: Last Blood,I limits tbh everything filmmaking verve For instance RAMBO LAST BLOOD
736,Rambo: Last Blood,Rambo last blood
737,Rambo: Last Blood,Please final analysis Rambo Last Blood
738,Rambo: Last Blood,Rambo last blood
739,Rambo: Last Blood,Rambo Last Blood 2019
740,Rambo: Last Blood,Rambo Last Blood
741,Rambo: Last Blood,Rambo last blood
742,Rambo: Last Blood,Then watch Rambo Last Blood Madness
743,Rambo: Last Blood,Rambo Last Blood
744,Rambo: Last Blood,Rambo Last Blood
745,Rambo: Last Blood,Rambo last blood
746,Rambo: Last Blood,Probably interesting night I I got real super stoned watch Rambo Last Blood
747,Rambo: Last Blood,Rambo Last Blood 2019
748,Rambo: Last Blood,Lol Rambo played `` Takeover '' sample speaker murking lames `` Last Blood '' I 'm cryyyyying fam
749,Rambo: Last Blood,rambo last blood
750,Rambo: Last Blood,Rambo Last Blood Cast Sylvester Stallone Interview via
751,Rambo: Last Blood,sir today watched Rambo last blood movie saw Rambo movies love much
752,Rambo: Last Blood,finally got see Rambo last blood morning Masterpiece Confused end tho
753,Rambo: Last Blood,Rambo Last Blood /10 Adrian Grunberg
754,Rambo: Last Blood,Worst Movies From Yesterday Rambo Last Blood Photos FiWEH Life
755,Rambo: Last Blood,Abominable animation Ad Astra Angel fallen Code Crown Vic Doctor Sleep Downton Abbey Freaks Gemini Man Hustlers Killerm
756,Rambo: Last Blood,rambo last blood fucking gore like
757,Rambo: Last Blood,Abominable animation Ad Astra Angel fallen Code Crown Vic Doctor Sleep Downton Abbey Freaks Gemini Man Hustlers Killerm
758,Rambo: Last Blood,Abominable animation Ad Astra Angel fallen Code Crown Vic Doctor Sleep Downton Abbey Freaks Gemini Man Hustlers Killerm
759,Rambo: Last Blood,Rambo Last Blood 2019 Read Movie Reviews Link
760,Rambo: Last Blood,Abominable animation Ad Astra Angel fallen Code Crown Vic Doctor Sleep Downton Abbey Freaks Gemini Man Hust
761,Rambo: Last Blood,I know im late Rambo Last Blood something serious
762,Rambo: Last Blood,Rambo -The Final Revenge Rambo Last Blood 2019
763,Rambo: Last Blood,55 Plex Plex-Media2 RAMBO LAST BLOOD 2019 recently added
764,Rambo: Last Blood,RAMBO Last Blood U.S EXCLUSIVE STEELBOOK K Ultra HD/Blu-ray/Digital hd
765,Rambo: Last Blood,Rambo Last Blood ... .. MASTERPIECE
766,Rambo: Last Blood,Christmas shopping tonight w two beauties myamangin avamangin -then fav sushi spot watchin
767,Rambo: Last Blood,Now watch Rambo last blood It home alone steroids lol
768,Rambo: Last Blood,Finally got watch Rambo Last Blood freaking awesome
769,Rambo: Last Blood,Rent Rambo Last blood
770,Rambo: Last Blood,Worst Movies From 'Yesterday 'Rambo Last Blood Photos
771,Rambo: Last Blood,Rambo Last Blood
772,Rambo: Last Blood,also end credits RAMBO LAST BLOOD montage previous RAMBO movies except ... RAMBO hmmmmmmm
773,Rambo: Last Blood,Uncut Gems Portrait Lady Fire Dark Phoenix Waves Booksmart The Irishman Hustlers The Beach Bum Ra
774,Rambo: Last Blood,Rambo last blood lot
775,Rambo: Last Blood,Rambo last blood
776,Rambo: Last Blood,Why hell make Eendables Rambo Last Blood
777,Rambo: Last Blood,I watching Rambo Last Blood older Sylvester Stallone gets looks like cooks mean Risot
778,Rambo: Last Blood,NW Rambo Last Blood Hands
779,Rambo: Last Blood,Rambo last blood freaking awesome Currently watching spawn
780,Rambo: Last Blood,thoughts three hell I enjoyed Rambo last blood I herd bad things three hell
781,Rambo: Last Blood,Watching Rambo Last Blood It seems like Rambo kind night
782,Rambo: Last Blood,Watching RamboLast Blood much better garbage earlier today
783,Rambo: Last Blood,RAMBO LAST BLOOD new trailer dropped today dream come true
784,Rambo: Last Blood,They drew first blood ... He draw last Follow us RT enter copy 's latest action epic
785,Rambo: Last Blood,Rambo last blood
786,Rambo: Last Blood,WesVIP Fire TV watched Rambo Last Blood
787,Rambo: Last Blood,Lo que se viene en blu ray DVD Diciembre Ready Game Thrones The Complete Eighth Season Once Upo
788,Rambo: Last Blood,Rambo -The Final Revenge Rambo Last Blood 2019 via
789,Rambo: Last Blood,Why n't title `` Rambo Last Blood '' `` Rambo No.5 '' I 'll never understand
790,Rambo: Last Blood,I got new tv new tv stand place along good whiskey beer A little bird told
791,Rambo: Last Blood,Rambo Last blood Fucking incredible
792,Rambo: Last Blood,Oh wow Rambo Last Blood really shockingly bad
793,Rambo: Last Blood,WesVIP Fire TV started playing Rambo Last Blood
794,Rambo: Last Blood,Watch Rambo last blood started
795,Rambo: Last Blood,WesVIP Fire TV watched Rambo Last Blood International Teaser Trailer
796,Rambo: Last Blood,WesVIP Fire TV started playing Rambo Last Blood International Teaser Trailer
797,Rambo: Last Blood,Rambo last blood really good movie
798,Rambo: Last Blood,I watching Rambo last blood dad I think masculinity spiked years
799,Rambo: Last Blood,Worst Movies From Yesterday Rambo Last Blood Photos Yahoo Entertainment
800,Rambo: Last Blood,watched Last Blood I liked ending BUT going back Jungle Trai
801,Rambo: Last Blood,You Know Rambo The Last Blood Can Be Replaced ... LoL
802,Rambo: Last Blood,Worst From Yesterday Rambo Last Blood
803,Rambo: Last Blood,Rambo Last Blood
804,Rambo: Last Blood,So watched Once Upon A Time In Hollywood Ready Not amp Rambo Last Blood ... All surprisingly
805,Rambo: Last Blood,Hoo boy RAMBO LAST BLOOD dirtbag Rambo flick I ca n't hate movie montage dudes gettin
806,Rambo: Last Blood,TheWrap News Worst Movies From Yesterday Rambo Last Blood Photos via
807,Rambo: Last Blood,Wow Rambo Last Blood awesome One favourite films year I think great surprise If
808,Rambo: Last Blood,Yup It good Perhaps teeth gnashingly racist amp conservative
809,Rambo: Last Blood,Rambo '' Last Blood '' must see movie got ta go check blood pressure
810,Rambo: Last Blood,Finishing Solo A Star Wars story Rogue One I think Watched Rambo 2008 Las
811,Rambo: Last Blood,mean Rambo last blood I still n't seen hell yet
812,Rambo: Last Blood,Worst Movies From 'Yesterday 'Rambo Last Blood Photos
813,Rambo: Last Blood,Worst Movies From 'Yesterday 'Rambo Last Blood Photos
814,Rambo: Last Blood,Worst Movies From 'Yesterday 'Rambo Last Blood Photos
815,Rambo: Last Blood,I watched Rambo last blood Man Sylvester Stallone bad ass Extremely violent somewhat satisfying
816,Rambo: Last Blood,I 'm mindless action violence Either guys seen Rambo ... Last Blo
817,Rambo: Last Blood,I finish last mins The King I ready marriage story underground upo
818,Rambo: Last Blood,Film bagus untuk ditonton Kim Ji-Young Born Marriage Story Parasite Shutter Island The Forbidden Do
819,Rambo: Last Blood,Kicking weekend elosive heavy-hittin Win DVD/Blu-ray combo pack RAMBO LAST BLOOD co
820,Rambo: Last Blood,Rambo Last Blood part heard first folks
821,Rambo: Last Blood,Kicking weekend elosive heavy-hittin Win DVD/Blu-ray combo pack RAMBO LAST BLOOD co
822,Rambo: Last Blood,We 're watching RamboLast Blood discord p. Probably gon na greatest movie ever All welcome htt
823,Rambo: Last Blood,Rambo Last Blood Curtain call franchise
824,Rambo: Last Blood,Let 's see Rambo Last Blood like ... ..
825,Rambo: Last Blood,Tonights Movie Rambo Last Blood /10
826,Rambo: Last Blood,Tonights Movie Rambo Last Blood /10
827,Rambo: Last Blood,Rambo last blood best action movie I seen year ...
828,Rambo: Last Blood,We 're watching RamboLast Blood discord p. Probably gon na greatest movie ever All welcome
829,Rambo: Last Blood,Rambo Last blood
830,Rambo: Last Blood,Last Blood watching Rambo
831,Rambo: Last Blood,My family yesterday `` Rambo Last Blood soooo good You HAVE watch '' I enjoyed Rambo mov
832,Rambo: Last Blood,gon na watch Rambo last blood rn
833,Rambo: Last Blood,Funny started reading I felt like watching movie Rambo Last blood WOW Dirty tactic
834,Rambo: Last Blood,Rambo Last blood ... Exactly rapists human traffickers killed
835,Rambo: Last Blood,Similar franchise Rambo *even n't know Rambo III IV exist Last Blood* Indiana Jones
836,Rambo: Last Blood,Rambo last blood
837,Rambo: Last Blood,I rated Rambo Last Blood 2019 /10
838,Rambo: Last Blood,Rambo Last Blood
839,Rambo: Last Blood,I watching Rambo Last Blood I care think
840,Rambo: Last Blood,Kicking weekend elosive heavy-hittin Win DVD/Blu-ray combo pack RAMBO LAST BLOOD co
841,Rambo: Last Blood,Kicking weekend elosive heavy-hittin Win DVD/Blu-ray combo pack RAMBO LAST BLO
842,Rambo: Last Blood,Rambo Last Blood 2019
843,Rambo: Last Blood,Rambo last blood
844,Rambo: Last Blood,Rambo Last Blood
845,Rambo: Last Blood,RAMBO LAST BLOOD
846,Rambo: Last Blood,Got couple minutes Klaus watching Hallmark Channel Special Rambo Last Blood pause becaus
847,Rambo: Last Blood,I seeing real crossover guys loved Rambo Last Blood thought ridiculous let obvio
848,Rambo: Last Blood,RAMBO LAST BLOOD
849,Rambo: Last Blood,First Blood amazingly good film Was hoping Last Blood John Rambo would b
850,Rambo: Last Blood,Just finish watch `` Rambo last blood '' Good action violent movie ... somewhere sad reva
851,Rambo: Last Blood,Rambo last blood RIP mr. stalone
852,Rambo: Last Blood,Rambo Last Blood grotesque joyless eerience I 'm really There 's uncomfortable films ar
853,Rambo: Last Blood,Rambo last blood
854,Rambo: Last Blood,Rambo last blood
855,Rambo: Last Blood,Rambo Last Blood Brilliant
856,Rambo: Last Blood,Rambo last blood ad astra
857,Rambo: Last Blood,-Rambo last blood underground -Ad Astra -Ma -Annabelle comes home
858,Rambo: Last Blood,RAMBO LAST BLOOD IS NOT FOR KIDSS chadaha oyyy
859,Rambo: Last Blood,Rambo last blood siga home alone kieu
860,Rambo: Last Blood,Rambo Last Blood
861,Rambo: Last Blood,Today I cigar bourbon watched Angel Has Fallen Rambo Last Blood ... ..feeling damn American
862,Rambo: Last Blood,Is Rambo Last Blood worth watching
863,Rambo: Last Blood,Is Rambo Last Blood worth watching
864,Rambo: Last Blood,Is Rambo Last Blood worth watching
865,Rambo: Last Blood,Is Rambo Last Blood worth watching
866,Rambo: Last Blood,Holy fuck Rambo Last Blood absolutely crazy Think Home Alone A Rod level steroids WOWOWOW Lol
867,Rambo: Last Blood,What great movie critics wrong movie thats surprise seeing 've liked
868,Rambo: Last Blood,LAST BLOOD SEPT
869,Rambo: Last Blood,First Blood Rambo First Blood Part Rambo Rambo Rambo Last Blood This chronological release order
870,Rambo: Last Blood,You thought John Wick 's Dog mistake try John Rambo 's Granddaughter Last blood
871,Rambo: Last Blood,Rambo Last Blood SAW
872,Rambo: Last Blood,Rambo Last Blood brutal worth seeing It get recognition deserves cult classic
873,Rambo: Last Blood,Rambo Last Blood brutal worth seeing It get recognition deserves cult classic
874,Rambo: Last Blood,My godawful enjoyment
875,Rambo: Last Blood,Rambo last blood Awesome movie
876,Rambo: Last Blood,First enes Rambo Last Blood exhibits PTSD And im every film gets eed violence st
877,Rambo: Last Blood,Imma finish Rambo series tonight hopefully reviews wrong Rambo Last Blood wrong Rambo
878,Rambo: Last Blood,Watching 'Rambo Last Blood Michael Bay 's latest film today fully quenched appetite preposterous action
879,Rambo: Last Blood,back high school one kid would tell look like Adam Sandler Sylvester Stallone Hearing bu
880,Rambo: Last Blood,Any chance rambo last blood
881,Rambo: Last Blood,My gosh seen Rambo Last Blood WOW I 'm assuming dies end LOL ending tho
882,Rambo: Last Blood,Rambo last blood like adult home alone homie
883,Rambo: Last Blood,Rambo last blood
884,Rambo: Last Blood,RAMBO LAST BLOOD new trailer dropped today dream come true
885,Rambo: Last Blood,Venom The king arthur Need speed Rambo last blood The maze runner
886,Rambo: Last Blood,Hello box office rental N500 instead N400 I tried rent Rambo Last Blood I seeing N500 Please clar
887,Rambo: Last Blood,They drew first blood ... He draw last Follow us RT enter copy 's latest action epic
888,Rambo: Last Blood,Rambo Last Blood
889,Rambo: Last Blood,Cousin It mode active Ok google play RamboLast Blood
890,Rambo: Last Blood,No Rambo Last Blood Skip last minutes movie 'll blast
891,Rambo: Last Blood,Could always go full Rambo Last Blood
892,Rambo: Last Blood,FROM HELL RAMBO LAST BLOOD topical outraged social commentary They 're flawed many ways diff
893,Rambo: Last Blood,Maleficent Mistress Evil Ford v Ferrari Jumanji The Next Level Star Wars The Rise Skywalker
894,Rambo: Last Blood,Ok action Rambo Last Blood Underground 2019 amp Gemini Man And th
895,Rambo: Last Blood,Rambo Last Blood 2019
896,Rambo: Last Blood,Shaft After Once upon time Hollywood MA Goosebumps Rambo last blood I continue ma'am
897,Rambo: Last Blood,In order First Rambo movie First Blood Raiders Los
898,Rambo: Last Blood,Stallone lethal Rambo Last Blood movie
899,Rambo: Last Blood,Fight necessary years necessary alone ... Winston Churchill Photo Courtesy RAMBO Last Blood
900,Rambo: Last Blood,Rambo last blood
901,Rambo: Last Blood,Last Blood finally complete ready cut size I would greatly appreciate many re-tweets possible Let
902,Rambo: Last Blood,Win copy Blu-ray For full details enter click h
903,Rambo: Last Blood,I 'm watching Rambo 2008 first time preparation Last Blood 's uncomfortable I n't thi
904,Rambo: Last Blood,Rambo last blood
905,Rambo: Last Blood,Last Blood finally complete ready cut size I would greatly appreciate many re-tweets possible Let
906,Rambo: Last Blood,Last Blood finally complete ready cut size I would greatly appreciate many re-tweets possible Let
907,Rambo: Last Blood,Last Blood finally complete ready cut size I would greatly appreciate many re-tweets possible Let
908,Rambo: Last Blood,So Rambo last blood coming Mandisabooty.com
909,Rambo: Last Blood,Rambo last blood Re2 remake Ps4 Ncis
